Customer_ID,Name,Age,SSN,Occupation,snapshot_date
CUS_0x1057,David Sheppardv,46_,741-07-3912,Writer,2023-09-01
CUS_0x1169,Janeman Latulb,34,352-87-0792,Lawyer,2023-09-01
CUS_0x117d,Evat,24,812-62-8349,Media_Manager,2023-09-01
CUS_0x1182,Conor Humphriesk,24,117-62-4809,Musician,2023-09-01
CUS_0x11c6,Andreaj,49,170-12-4663,Manager,2023-09-01
CUS_0x1246,Vaughanl,33,609-30-7406,Entrepreneur,2023-09-01
CUS_0x12bf,Tarar,51,235-33-4203,Entrepreneur,2023-09-01
CUS_0x12ec,Guptax,42,836-23-7353,Scientist,2023-09-01
CUS_0x1330,Soyoung Kimc,33,#F%$D@*&8,Media_Manager,2023-09-01
CUS_0x141c,Singh Rossy,43,862-01-8685,Manager,2023-09-01
CUS_0x1430,Chiango,30_,945-49-4517,Doctor,2023-09-01
CUS_0x14d1,Matthewx,28,166-12-0556,Journalist,2023-09-01
CUS_0x14de,Ormsbya,22,656-31-0155,Manager,2023-09-01
CUS_0x14e5,Michael Flahertym,29,836-69-3439,Doctor,2023-09-01
CUS_0x1619,Phil Wahbao,54,683-59-7399,Media_Manager,2023-09-01
CUS_0x1666,Luciaj,50,834-78-2099,Engineer,2023-09-01
CUS_0x16f8,Nate Raymondz,25,107-46-5762,Architect,2023-09-01
CUS_0x180a,Nickk,45,356-18-9501,Media_Manager,2023-09-01
CUS_0x18e2,Iyerw,23,215-30-2338,Architect,2023-09-01
CUS_0x1938,Ian Chuar,24,059-09-5779,_______,2023-09-01
CUS_0x1abc,Ingramk,35,747-88-3394,Journalist,2023-09-01
CUS_0x1be2,Michelley,20,241-28-1551,Architect,2023-09-01
CUS_0x1c70,Carolinel,44,149-05-1316,Scientist,2023-09-01
CUS_0x1c89,Tanyab,17_,794-52-2242,Writer,2023-09-01
CUS_0x1ccf,Nick Brownz,28,450-49-4774,Teacher,2023-09-01
CUS_0x1d56,Laurenti,31,200-30-0736,Media_Manager,2023-09-01
CUS_0x1d64,Estellet,27,589-05-3779,Teacher,2023-09-01
CUS_0x1d86,Rothackerw,25,370-67-4741,Developer,2023-09-01
CUS_0x1e46,Rachelle Younglaio,49,316-05-0824,Writer,2023-09-01
CUS_0x1f2c,Ryan Vlastelicah,27,846-10-4542,Media_Manager,2023-09-01
CUS_0x1f60,Stephen Aldredi,34,526-97-2287,Engineer,2023-09-01
CUS_0x1fa0,Jim Christieg,28,765-58-3710,Lawyer,2023-09-01
CUS_0x2002,Marial,39,823-93-4115,Entrepreneur,2023-09-01
CUS_0x206b,Claras,20,600-69-4533,Entrepreneur,2023-09-01
CUS_0x210d,Laurene,33,667-42-0049,Journalist,2023-09-01
CUS_0x215d,Noah Barkino,43,907-61-7425,Journalist,2023-09-01
CUS_0x219c,Denny Thomase,46,017-01-5532,_______,2023-09-01
CUS_0x21cd,Sarah Whiteb,25,988-34-7804,Journalist,2023-09-01
CUS_0x21f7,Groverw,44,379-35-1984,Manager,2023-09-01
CUS_0x2217,Yueyang Sivac,29,303-33-5518,Musician,2023-09-01
CUS_0x23bf,Sinead Cruisey,28_,520-85-4444,Engineer,2023-09-01
CUS_0x2441,William Jamest,38,558-95-8969,_______,2023-09-01
CUS_0x2488,Richard Hubbardc,26_,593-49-8824,Lawyer,2023-09-01
CUS_0x2491,Alexein,30,202-92-7576,Entrepreneur,2023-09-01
CUS_0x24bf,Deepag,45_,374-80-5615,Engineer,2023-09-01
CUS_0x24f1,Greg Roumeliotisq,28,526-11-1825,Developer,2023-09-01
CUS_0x251a,Emilyi,26,849-10-1285,Mechanic,2023-09-01
CUS_0x2584,Steven C.z,31,742-33-7816,Accountant,2023-09-01
CUS_0x2637,Diane Bartzj,5798_,272-33-1370,Writer,2023-09-01
CUS_0x271b,Soyoungy,23,564-58-0056,Journalist,2023-09-01
CUS_0x2746,Estellen,20,928-40-6983,Manager,2023-09-01
CUS_0x27a3,Simon Falushh,40,#F%$D@*&8,Journalist,2023-09-01
CUS_0x2913,Josephu,54,212-82-4042,Teacher,2023-09-01
CUS_0x297f,enh,25,319-43-4786,Scientist,2023-09-01
CUS_0x29b4,Karenq,23,041-71-4410,Accountant,2023-09-01
CUS_0x29e1,Andrea Shalal-Esan,37,612-08-5420,_______,2023-09-01
CUS_0x29f9,Connora,24,806-26-2787,Media_Manager,2023-09-01
CUS_0x2a25,Baghdjiano,35,234-67-7737,Media_Manager,2023-09-01
CUS_0x2a61,Stepheng,46,753-68-0048,Teacher,2023-09-01
CUS_0x2ac8,Michaelr,32,489-33-3435,Engineer,2023-09-01
CUS_0x2aed,Huwk,44,650-64-2134,Engineer,2023-09-01
CUS_0x2b29,Lionel Laurenti,34,866-60-6396,Writer,2023-09-01
CUS_0x2b60,Rodrigo Camposp,24_,386-57-0586,Writer,2023-09-01
CUS_0x2b77,Longstretho,21,006-36-0111,Doctor,2023-09-01
CUS_0x2bc0,Deepa Seetharamanc,31,337-33-1709,Manager,2023-09-01
CUS_0x2bf1,Lynnleyb,18,432-85-2655,Lawyer,2023-09-01
CUS_0x2c14,Dani,48,022-42-7781,Entrepreneur,2023-09-01
CUS_0x2c81,Leongl,44,754-48-5368,Doctor,2023-09-01
CUS_0x2c9f,Nate Raymondk,16,469-09-7205,Teacher,2023-09-01
CUS_0x2ca3,Karen Brettelli,15,033-64-6829,Scientist,2023-09-01
CUS_0x2d50,Lucia Mutikanio,39_,105-96-2612,Architect,2023-09-01
CUS_0x2d76,Martinnee,51,035-96-6628,Accountant,2023-09-01
CUS_0x2ee6,Jan Strupczewskii,31,178-36-1761,Journalist,2023-09-01
CUS_0x2f39,Emilyg,27,533-29-8899,Manager,2023-09-01
CUS_0x2fb7,Mendoncaq,15,145-34-6936,Lawyer,2023-09-01
CUS_0x2fbe,Deepan,53,723-79-5455,Teacher,2023-09-01
CUS_0x302d,Deepac,19,749-89-9756,Developer,2023-09-01
CUS_0x30a3,Janb,55,602-29-9502,Doctor,2023-09-01
CUS_0x3141,Skariachant,36,884-06-5529,_______,2023-09-01
CUS_0x318e,Uranakaf,33,850-20-0083,Doctor,2023-09-01
CUS_0x3263,Annar,36,157-73-6953,Manager,2023-09-01
CUS_0x329f,Edwardj,37,435-99-9088,Journalist,2023-09-01
CUS_0x32a1,Noeln,55,542-03-2848,Engineer,2023-09-01
CUS_0x32f5,Valetkevitchc,41,149-20-2571,Media_Manager,2023-09-01
CUS_0x3377,Bernie Woodalli,20,532-58-6827,Accountant,2023-09-01
CUS_0x346e,Layner,30,056-47-2468,Media_Manager,2023-09-01
CUS_0x34a3,Greg Roumeliotise,40,423-84-9607,Teacher,2023-09-01
CUS_0x3561,Woodallg,30,169-22-4626,Developer,2023-09-01
CUS_0x35f3,Grant McCoolm,27,956-45-6497,_______,2023-09-01
CUS_0x3663,Gregb,23,904-44-3397,Manager,2023-09-01
CUS_0x36fb,Levineo,32,465-97-6079,Lawyer,2023-09-01
CUS_0x37a4,Gilles Guillaumeh,25,797-48-3371,Entrepreneur,2023-09-01
CUS_0x37dd,Lionel Laurentj,34,205-34-4451,Media_Manager,2023-09-01
CUS_0x37f4,Greg Roumeliotisn,19,871-18-4847,Engineer,2023-09-01
CUS_0x380f,Laurenx,37_,420-92-2201,Mechanic,2023-09-01
CUS_0x3813,Gerry Shihy,30,859-43-6338,Architect,2023-09-01
CUS_0x385a,Lauren Taraf,43,970-60-9789,Entrepreneur,2023-09-01
CUS_0x3881,Vidyac,43,354-99-3306,Engineer,2023-09-01
CUS_0x3911,Alwyn Scottj,23,#F%$D@*&8,Doctor,2023-09-01
CUS_0x3943,Jessicaf,30,845-14-7462,Lawyer,2023-09-01
CUS_0x396d,Rodrigo Camposi,32_,931-05-8291,Manager,2023-09-01
CUS_0x39f8,Michellei,25,090-26-7091,Writer,2023-09-01
CUS_0x3acd,Laurencee,40,953-94-3809,Entrepreneur,2023-09-01
CUS_0x3ad4,Angelika Grubery,41,383-19-8762,Accountant,2023-09-01
CUS_0x3b32,Laurend,6725,448-68-4896,Entrepreneur,2023-09-01
CUS_0x3b59,Lynn Adlerc,23,#F%$D@*&8,Lawyer,2023-09-01
CUS_0x3b72,Alistairm,48,708-35-4000,Manager,2023-09-01
CUS_0x3c63,Sinead Carewu,47,284-68-0301,Writer,2023-09-01
CUS_0x3d22,Garzas,38,142-92-6578,Engineer,2023-09-01
CUS_0x3e03,Martinne Gellerj,24,504-67-6939,Developer,2023-09-01
CUS_0x3e37,Eric Holmbergu,26,334-58-2603,Mechanic,2023-09-01
CUS_0x3e4b,Growj,27,937-26-6424,Mechanic,2023-09-01
CUS_0x3fb,Taiga Uranakab,31,155-76-2267,Media_Manager,2023-09-01
CUS_0x4083,Zeidlerv,48,619-93-7111,Musician,2023-09-01
CUS_0x40d9,Vellacotto,32,460-53-3049,Journalist,2023-09-01
CUS_0x4241,Jessicaf,20,606-31-5436,Media_Manager,2023-09-01
CUS_0x4285,Karolinaj,52,967-33-1628,Accountant,2023-09-01
CUS_0x42eb,Damouniw,15,161-54-7964,Writer,2023-09-01
CUS_0x4328,Williamj,55,775-15-3565,Teacher,2023-09-01
CUS_0x4498,Martinne Gellerz,44_,#F%$D@*&8,Media_Manager,2023-09-01
CUS_0x44b8,Bakeru,54_,948-64-0040,Media_Manager,2023-09-01
CUS_0x450,Chuck Mikolajczakh,34,124-51-6203,_______,2023-09-01
CUS_0x4534,Toonkelq,37,551-95-2963,Media_Manager,2023-09-01
CUS_0x45c0,Jack Watlingx,34,000-60-0688,Manager,2023-09-01
CUS_0x4711,Tanz,18,725-84-0667,Architect,2023-09-01
CUS_0x473a,Roumeliotisu,32,720-32-3844,Media_Manager,2023-09-01
CUS_0x473f,Yukhananovb,54,977-14-8386,Architect,2023-09-01
CUS_0x4767,Sinead Carewd,39,746-70-7097,Mechanic,2023-09-01
CUS_0x4771,Rd,36,786-95-9000,Teacher,2023-09-01
CUS_0x47ed,Rujun Shent,23,157-48-1855,Writer,2023-09-01
CUS_0x48ca,Erik Kirschbaumz,40,362-11-2987,Accountant,2023-09-01
CUS_0x499d,Marwap,41,573-37-4142,_______,2023-09-01
CUS_0x4a79,Tomo,30_,786-89-9032,Engineer,2023-09-01
CUS_0x4a88,Patrickt,21,702-19-6475,Scientist,2023-09-01
CUS_0x4a91,Steve Jamesb,1004,280-31-3787,Lawyer,2023-09-01
CUS_0x4ad9,Victoriah,38_,849-86-8009,Mechanic,2023-09-01
CUS_0x4b2e,Laurenl,31,542-85-7041,Musician,2023-09-01
CUS_0x4ba7,Stevenr,17,102-98-8503,Mechanic,2023-09-01
CUS_0x4c56,Georgiopoulosl,42,673-06-2525,Mechanic,2023-09-01
CUS_0x4c6b,Katyat,51,361-89-0620,Journalist,2023-09-01
CUS_0x4cad,Estelle Shirbons,35,179-19-0691,Architect,2023-09-01
CUS_0x4cb4,Nathan Laynei,37,215-09-4344,Teacher,2023-09-01
CUS_0x4d7e,Mooni,44,078-92-8871,Developer,2023-09-01
CUS_0x4dff,Stella Dawsonq,23,464-42-3681,Scientist,2023-09-01
CUS_0x4e0d,Robertau,21,861-75-5653,Manager,2023-09-01
CUS_0x4e5,Praveen Menont,4710,210-46-4512,Media_Manager,2023-09-01
CUS_0x4e60,Lawderr,41,448-66-2016,_______,2023-09-01
CUS_0x4ebb,Poornima Guptaz,43,494-02-8633,_______,2023-09-01
CUS_0x4f65,Karen Brettellp,34,889-20-8307,Entrepreneur,2023-09-01
CUS_0x4f7d,Dayp,38,154-66-0698,Journalist,2023-09-01
CUS_0x4fd2,Carolinee,33,443-79-4577,Architect,2023-09-01
CUS_0x5097,Luciana Lopezc,20,907-16-4737,Developer,2023-09-01
CUS_0x50a2,Daniel Rajeshw,36,850-58-9504,Musician,2023-09-01
CUS_0x50b5,Silvia Aloisiy,30,452-15-2521,Scientist,2023-09-01
CUS_0x50b9,Langeh,44,098-51-0027,_______,2023-09-01
CUS_0x5117,Grant McCooll,35,825-01-6145,Journalist,2023-09-01
CUS_0x511c,Kiharay,22,713-27-0108,Musician,2023-09-01
CUS_0x5198,Noonanz,36,805-09-7081,Doctor,2023-09-01
CUS_0x51b4,Ben Hirschlerq,36_,243-06-9936,Engineer,2023-09-01
CUS_0x5292,Gellerp,44,013-67-5026,Accountant,2023-09-01
CUS_0x534a,Lisas,20,309-86-5134,Scientist,2023-09-01
CUS_0x5360,Alister Bullj,17,025-22-7299,Teacher,2023-09-01
CUS_0x544a,Carey Gillamt,37,331-09-2203,Scientist,2023-09-01
CUS_0x545e,Jonathan Stempely,45,484-23-8650,Manager,2023-09-01
CUS_0x54c0,Hollx,23,934-98-5531,Entrepreneur,2023-09-01
CUS_0x54fd,Chang-Ranj,49,761-60-3177,_______,2023-09-01
CUS_0x5502,Carewa,-500,256-41-5668,Architect,2023-09-01
CUS_0x5578,Rothackero,32,585-25-3212,Mechanic,2023-09-01
CUS_0x5602,James Tophamy,14,878-33-5924,Writer,2023-09-01
CUS_0x5604,Wohlf,41,358-38-0974,Developer,2023-09-01
CUS_0x5607,Georgez,37,728-13-8219,Lawyer,2023-09-01
CUS_0x5632,Michelle Martinn,20,664-67-8147,Accountant,2023-09-01
CUS_0x5647,Soyoungh,41,365-06-9242,Lawyer,2023-09-01
CUS_0x56b4,Kaou,33,369-55-1958,Doctor,2023-09-01
CUS_0x56bd,Debbie Hummeld,38,404-80-3253,Writer,2023-09-01
CUS_0x56d1,Bena,28,203-76-0108,_______,2023-09-01
CUS_0x56d3,Robins,17,869-43-5002,Media_Manager,2023-09-01
CUS_0x5704,Mylesv,42,283-47-5415,Scientist,2023-09-01
CUS_0x572,Tom Halsb,44,643-37-2319,Teacher,2023-09-01
CUS_0x576d,Barryd,22,026-99-8276,Teacher,2023-09-01
CUS_0x589a,Caroline Valetkevitchs,45,248-22-7032,Teacher,2023-09-01
CUS_0x58ea,Robinsona,38_,503-18-6343,Manager,2023-09-01
CUS_0x5952,Soyoungz,17,#F%$D@*&8,_______,2023-09-01
CUS_0x599e,Victoriap,18,370-99-4111,Musician,2023-09-01
CUS_0x5ae3,ita Bosez,51,381-36-5261,Journalist,2023-09-01
CUS_0x5af5,Raymondy,25,226-74-3581,Manager,2023-09-01
CUS_0x5b04,Peterp,17,811-53-2257,Entrepreneur,2023-09-01
CUS_0x5b25,Sabad,30,356-13-9836,Manager,2023-09-01
CUS_0x5cfd,Xiaoyi Shaoc,29,697-06-5938,Writer,2023-09-01
CUS_0x5dc2,Sayantani Ghosht,35,786-62-1923,Lawyer,2023-09-01
CUS_0x5e73,Francesco Guarascioi,54,547-44-4805,Teacher,2023-09-01
CUS_0x5f89,Carewl,21,899-12-3125,Engineer,2023-09-01
CUS_0x5fec,Keithx,41,983-11-2831,Media_Manager,2023-09-01
CUS_0x6048,Ayeshaz,44,425-47-6723,Musician,2023-09-01
CUS_0x60c8,Lawrence Whitee,45,051-56-0904,Entrepreneur,2023-09-01
CUS_0x6112,Palmerd,41,572-59-5510,Journalist,2023-09-01
CUS_0x617c,Myles Neliganu,44,490-27-9036,Writer,2023-09-01
CUS_0x6207,Padraic Halpinf,50,572-95-8549,Manager,2023-09-01
CUS_0x6277,Patrick Temple-Westp,39,177-35-4923,Lawyer,2023-09-01
CUS_0x62a6,Nick Edwardsq,51,912-87-7914,Developer,2023-09-01
CUS_0x6347,Jonese,29,903-20-5885,Writer,2023-09-01
CUS_0x639,Adamh,48,439-54-7865,Architect,2023-09-01
CUS_0x63c3,Ros Krasnyb,25,#F%$D@*&8,Lawyer,2023-09-01
CUS_0x6427,Julien Toyerk,21,154-28-7228,Engineer,2023-09-01
CUS_0x6468,Buggeu,50,330-62-1012,Accountant,2023-09-01
CUS_0x64d4,Richardu,51,842-53-1233,Accountant,2023-09-01
CUS_0x652f,Jean-Baptiste Veyz,29,#F%$D@*&8,Journalist,2023-09-01
CUS_0x6569,Marij,20,038-66-1703,Engineer,2023-09-01
CUS_0x65b1,Tarab,25,798-29-5581,Musician,2023-09-01
CUS_0x65bd,David Jonesk,29,616-13-0619,Accountant,2023-09-01
CUS_0x661b,Jennifer Ablanc,29,926-72-2848,Developer,2023-09-01
CUS_0x666b,Herbst-Baylissq,44,949-63-3125,Media_Manager,2023-09-01
CUS_0x6683,Yoshifumic,20,368-69-9911,Developer,2023-09-01
CUS_0x67dc,Mattw,19,429-06-5904,Manager,2023-09-01
CUS_0x682b,Devittg,36,926-41-6598,Entrepreneur,2023-09-01
CUS_0x684a,Bernabeid,23,056-57-6013,Journalist,2023-09-01
CUS_0x68e1,Leigh Thomasi,34,841-44-8928,Developer,2023-09-01
CUS_0x6c58,Aruna Viswanathat,18,897-32-6460,Accountant,2023-09-01
CUS_0x6c8e,Miless,19,672-18-8236,Manager,2023-09-01
CUS_0x6cf6,Alwynt,44,501-66-4455,_______,2023-09-01
CUS_0x6e35,Jessica Dyek,31,376-87-7527,Engineer,2023-09-01
CUS_0x6e43,Alexei Oreskovicl,46,409-83-0158,Scientist,2023-09-01
CUS_0x6e6c,Mutikanie,26,214-30-3255,Media_Manager,2023-09-01
CUS_0x6eb3,Feliciano Tiseraj,28,940-88-7389,Teacher,2023-09-01
CUS_0x6f0b,Stevenf,22,749-98-9749,Lawyer,2023-09-01
CUS_0x6f7b,Clarkx,16_,930-47-0460,Doctor,2023-09-01
CUS_0x6f88,Qing Xiaoyiy,14,791-16-1444,Writer,2023-09-01
CUS_0x6fb4,Ireney,14,271-80-1213,Mechanic,2023-09-01
CUS_0x6fbb,Levineg,35,638-02-6164,Architect,2023-09-01
CUS_0x7029,Kazunorix,21,212-62-9956,Entrepreneur,2023-09-01
CUS_0x7148,Papadimasc,32,938-65-7628,Engineer,2023-09-01
CUS_0x71e0,Aruna Viswanathau,28,330-96-0638,Mechanic,2023-09-01
CUS_0x7278,Shahc,43,712-34-1572,Doctor,2023-09-01
CUS_0x72a0,Herbst-Baylisso,26,#F%$D@*&8,Media_Manager,2023-09-01
CUS_0x73b3,Alwyny,34,706-85-6031,Journalist,2023-09-01
CUS_0x741,Leilai,22,232-53-6053,Media_Manager,2023-09-01
CUS_0x7459,Ben Hirschlero,25,319-19-8982,Musician,2023-09-01
CUS_0x74a6,Rodrigoi,49,702-84-4647,Engineer,2023-09-01
CUS_0x74c,Jeffreyz,44,458-80-6295,Mechanic,2023-09-01
CUS_0x7547,rad Dorfmanq,41,777-07-9801,Teacher,2023-09-01
CUS_0x7558,Davidj,38,264-81-8732,Developer,2023-09-01
CUS_0x75a0,Alistairo,34,005-81-4987,Media_Manager,2023-09-01
CUS_0x75d3,Tim Kellyh,36,958-98-2909,Architect,2023-09-01
CUS_0x75fb,"""OBoyle""""f""",5195,844-23-8730,Musician,2023-09-01
CUS_0x765b,Jane Leeb,36,499-40-6829,_______,2023-09-01
CUS_0x7694,Picyy,38,567-09-4004,Doctor,2023-09-01
CUS_0x77ac,Walteru,33,453-25-4571,Musician,2023-09-01
CUS_0x77f6,Paul Taylora,19,118-67-1893,Developer,2023-09-01
CUS_0x7801,Fiona Ortizu,23_,492-06-3147,Engineer,2023-09-01
CUS_0x781a,Miken,33,176-88-1274,Engineer,2023-09-01
CUS_0x789f,Megan Daviesy,15,054-66-6794,_______,2023-09-01
CUS_0x78bf,Nanette Byrnest,41,902-32-7521,Accountant,2023-09-01
CUS_0x797,ernie Woodallu,19,691-34-0849,Developer,2023-09-01
CUS_0x79b8,Valetkevitchb,28,028-33-6202,Accountant,2023-09-01
CUS_0x7ad8,illyo,26,614-62-5951,Accountant,2023-09-01
CUS_0x7b2f,James Mackenzieb,33,445-64-4433,Writer,2023-09-01
CUS_0x7bee,Glenn Somervillem,29_,601-19-6338,Teacher,2023-09-01
CUS_0x7c68,Cianciof,55,603-58-5338,Engineer,2023-09-01
CUS_0x7d3b,Ryang,45_,582-95-6911,Musician,2023-09-01
CUS_0x7d48,Liana B.n,16,652-47-0781,Media_Manager,2023-09-01
CUS_0x7d8a,ra Hudsonc,16,201-80-4832,Lawyer,2023-09-01
CUS_0x7dee,Rothackeru,44,874-66-5717,Developer,2023-09-01
CUS_0x7e0f,Nick Browny,44,349-39-1974,Architect,2023-09-01
CUS_0x7e3f,Blounte,49_,615-29-8753,Engineer,2023-09-01
CUS_0x7e67,Goelp,26,850-03-7375,Mechanic,2023-09-01
CUS_0x7e6f,Barro,44_,178-13-2681,Developer,2023-09-01
CUS_0x7f07,Jennifer Sabaz,24,005-27-6021,Mechanic,2023-09-01
CUS_0x80c0,Wahbat,20,252-31-6813,Lawyer,2023-09-01
CUS_0x8167,Freifeldu,23,721-85-0529,Writer,2023-09-01
CUS_0x81d4,Vaughanz,25,246-75-5118,Writer,2023-09-01
CUS_0x82cb,Johnsony,35,825-62-0682,Developer,2023-09-01
CUS_0x8459,Freilichq,54,958-07-1852,Teacher,2023-09-01
CUS_0x8558,Jilian Mincerb,36,777-86-8040,Writer,2023-09-01
CUS_0x8568,Sharanyan,19,721-47-0286,_______,2023-09-01
CUS_0x856c,Oreskovicx,32,448-64-7747,Journalist,2023-09-01
CUS_0x8593,Mutikanir,28,738-92-6385,Scientist,2023-09-01
CUS_0x867e,Gregl,40,500-65-8725,Teacher,2023-09-01
CUS_0x869,Brw,37,477-10-7170,Architect,2023-09-01
CUS_0x86aa,Janl,35,736-64-3228,Lawyer,2023-09-01
CUS_0x87b8,Brettj,31,468-89-4698,Scientist,2023-09-01
CUS_0x87f0,Jan Schwartzp,43,827-51-8922,Mechanic,2023-09-01
CUS_0x8816,Callusn,28,063-33-1680,Developer,2023-09-01
CUS_0x884a,Margaretk,32,075-08-4605,Teacher,2023-09-01
CUS_0x8880,Donovanl,38,849-38-1681,Entrepreneur,2023-09-01
CUS_0x8888,Philip Shishkinc,50,821-29-2322,Journalist,2023-09-01
CUS_0x88a0,Tarmov,31,266-68-0248,Manager,2023-09-01
CUS_0x88e5,Poornima Guptav,25,680-32-0710,Accountant,2023-09-01
CUS_0x8957,Dolann,25,514-65-5201,Doctor,2023-09-01
CUS_0x8ac8,Steve Schererz,22_,751-26-7144,Teacher,2023-09-01
CUS_0x8b1f,Michaelr,53,687-84-7697,_______,2023-09-01
CUS_0x8b26,Atossao,15_,054-74-2220,Architect,2023-09-01
CUS_0x8b4,Krishna Ni,23,046-73-4372,Journalist,2023-09-01
CUS_0x8b7c,Drivern,39,315-96-1253,Scientist,2023-09-01
CUS_0x8b90,"""ini """"Johnh""",36,236-26-0276,Manager,2023-09-01
CUS_0x8bc6,Deepa Seetharamann,18,788-76-2462,Lawyer,2023-09-01
CUS_0x8bf2,Harichn,41,910-16-0107,Media_Manager,2023-09-01
CUS_0x8c8a,Vlastelicaw,48,134-88-7054,Accountant,2023-09-01
CUS_0x8c90,Dayg,40,496-69-3617,Media_Manager,2023-09-01
CUS_0x8cc9,Cezaryy,17,340-05-3601,Media_Manager,2023-09-01
CUS_0x8cdf,Steven C.j,39,691-71-2474,Lawyer,2023-09-01
CUS_0x8ce4,Alister Bullr,42,125-44-2714,Doctor,2023-09-01
CUS_0x8d04,Richardg,41,991-06-7515,Musician,2023-09-01
CUS_0x8d17,Alexei Oreskovicy,48,097-55-6135,Architect,2023-09-01
CUS_0x8d2b,Charlie Dunmoree,50,858-76-0640,Writer,2023-09-01
CUS_0x8d38,Mollenkampa,42_,471-94-4094,Scientist,2023-09-01
CUS_0x8d60,Cameronl,34,296-94-3235,Scientist,2023-09-01
CUS_0x8d74,Slaterm,51,157-46-1542,Teacher,2023-09-01
CUS_0x8da9,Estelle Shirbonf,29,175-51-1525,Developer,2023-09-01
CUS_0x8e53,Lucianar,36,494-42-3830,Media_Manager,2023-09-01
CUS_0x8e7f,Moffettb,31,562-19-0606,Lawyer,2023-09-01
CUS_0x8eaa,Wayne Coled,34,274-64-8413,Developer,2023-09-01
CUS_0x8f59,Jessicad,36,705-77-2792,Mechanic,2023-09-01
CUS_0x8f9a,Ayeshag,22,998-62-0255,Doctor,2023-09-01
CUS_0x8fa7,Freilicht,29,427-09-7472,Mechanic,2023-09-01
CUS_0x8fac,Tabassum Zakariav,28,019-79-1629,Doctor,2023-09-01
CUS_0x902d,Philip Pullellam,30_,#F%$D@*&8,Architect,2023-09-01
CUS_0x904,Leahg,19,131-53-7682,Architect,2023-09-01
CUS_0x906a,Alistair Barra,37,912-15-8539,Lawyer,2023-09-01
CUS_0x90d7,Thomassonr,22,737-92-9457,Mechanic,2023-09-01
CUS_0x910a,Lynchp,16,924-42-4638,Mechanic,2023-09-01
CUS_0x9185,Annar,31,295-97-5420,_______,2023-09-01
CUS_0x91c8,Silviao,23,616-81-8118,Mechanic,2023-09-01
CUS_0x9228,Paritoshs,39,907-49-9321,Developer,2023-09-01
CUS_0x92d2,Raymondt,20,401-08-4236,Musician,2023-09-01
CUS_0x92d5,Jennifer Clarkh,36,829-49-1325,Doctor,2023-09-01
CUS_0x9414,Pfeiffero,42,329-57-6818,_______,2023-09-01
CUS_0x9449,Lucianai,55,574-97-8796,Manager,2023-09-01
CUS_0x9506,Davidw,38,878-67-4770,Lawyer,2023-09-01
CUS_0x9650,Anirban Nagr,23,579-04-4808,Accountant,2023-09-01
CUS_0x978,Dhanya Skariachanh,46,396-28-6552,Musician,2023-09-01
CUS_0x9884,Barrc,40,135-78-6636,Manager,2023-09-01
CUS_0x98e4,en Klaymanw,28,586-61-1895,Lawyer,2023-09-01
CUS_0x9967,Jessica Wohlu,51,279-53-1053,Musician,2023-09-01
CUS_0x998f,Kiharan,38,909-16-7643,Engineer,2023-09-01
CUS_0x9a58,Ernest Schuyderl,47,669-26-2513,Mechanic,2023-09-01
CUS_0x9abb,Timq,16,510-46-9027,Engineer,2023-09-01
CUS_0x9b3c,Scheydere,43,224-48-7837,Lawyer,2023-09-01
CUS_0x9b4b,Deepal,35,041-67-8086,Engineer,2023-09-01
CUS_0x9bb0,Krishnanq,48,815-47-0096,Developer,2023-09-01
CUS_0x9c08,Rinkek,31,084-92-7120,Developer,2023-09-01
CUS_0x9c3a,Ben Klaymanw,39,061-69-5164,Lawyer,2023-09-01
CUS_0x9c85,Andreas Rinkes,46,680-59-2006,Accountant,2023-09-01
CUS_0x9cc,Angelaf,42,138-02-9904,Doctor,2023-09-01
CUS_0x9cd7,Reddallk,20_,211-57-8303,_______,2023-09-01
CUS_0x9ce2,Stephen Brownw,40,578-60-2730,Doctor,2023-09-01
CUS_0x9d91,Ruckery,39,865-87-9562,Media_Manager,2023-09-01
CUS_0x9dec,Jonathan Cableo,39,483-86-0207,Developer,2023-09-01
CUS_0x9df7,Jans,41,177-05-4513,Writer,2023-09-01
CUS_0x9df8,Matt Scuffhams,45,466-43-2520,Manager,2023-09-01
CUS_0x9e1a,Jonathan Stempelv,53,513-95-7632,Teacher,2023-09-01
CUS_0x9e76,Carrick Mollenkampb,33,017-00-6207,Media_Manager,2023-09-01
CUS_0x9e8c,Wilkesm,19,715-55-8872,Teacher,2023-09-01
CUS_0x9eb2,Miyoungg,15,930-93-7239,Writer,2023-09-01
CUS_0x9ec2,Sobolewskiu,39,168-10-7856,Lawyer,2023-09-01
CUS_0x9ee4,Alister Bullk,51,425-72-7007,Manager,2023-09-01
CUS_0x9f8d,Jonathan Spicerf,35,363-98-4300,Writer,2023-09-01
CUS_0xa011,Katharinao,20,#F%$D@*&8,Developer,2023-09-01
CUS_0xa12e,Krishnanm,39,131-41-2883,Media_Manager,2023-09-01
CUS_0xa17a,Chang-Ran Kimw,29,985-19-2989,Entrepreneur,2023-09-01
CUS_0xa1df,Anahix,47,668-93-9080,_______,2023-09-01
CUS_0xa1ea,Pedro Nicolacim,42,390-23-8969,Architect,2023-09-01
CUS_0xa1f4,Tripathyy,21,#F%$D@*&8,Mechanic,2023-09-01
CUS_0xa213,Jessicau,16,940-01-4923,Architect,2023-09-01
CUS_0xa255,Yamaguchiz,2952,918-14-5157,Entrepreneur,2023-09-01
CUS_0xa362,Rickt,15,#F%$D@*&8,Lawyer,2023-09-01
CUS_0xa3a1,Julienm,26,852-20-0763,_______,2023-09-01
CUS_0xa3ff,George Georgiopoulosh,19,403-78-1540,Teacher,2023-09-01
CUS_0xa4ae,Sonali Paulg,38,824-23-5571,Journalist,2023-09-01
CUS_0xa5e7,Cablee,17,035-85-2354,Lawyer,2023-09-01
CUS_0xa66d,Catherinec,22,625-76-9061,Scientist,2023-09-01
CUS_0xa778,Agrawalc,34,107-21-6904,Journalist,2023-09-01
CUS_0xa79d,Lesleyk,45,523-24-1812,Media_Manager,2023-09-01
CUS_0xa7b5,Edward Taylorp,41,024-67-5371,Engineer,2023-09-01
CUS_0xa80,Jan Strupczewskih,46,264-57-8681,Accountant,2023-09-01
CUS_0xa877,Scottg,55,112-83-9854,Manager,2023-09-01
CUS_0xa934,Prashantj,25,467-87-7518,Journalist,2023-09-01
CUS_0xaa0a,Petersony,46,490-91-8527,Manager,2023-09-01
CUS_0xaa3b,Emily Stephensonj,36,940-15-6881,Accountant,2023-09-01
CUS_0xaa74,Leongp,27,542-05-5229,_______,2023-09-01
CUS_0xaa7c,Woodallx,31,650-13-8818,Doctor,2023-09-01
CUS_0xab61,Eveline Danubratac,30,289-57-5410,Teacher,2023-09-01
CUS_0xac08,Sarah McBrideg,33,200-48-2687,Doctor,2023-09-01
CUS_0xad94,Christined,28,357-18-5555,Mechanic,2023-09-01
CUS_0xadc8,Soyoungk,30,810-29-3531,Mechanic,2023-09-01
CUS_0xadef,Carrelc,27,154-27-1727,Lawyer,2023-09-01
CUS_0xae25,Kohi,28,398-59-0914,Architect,2023-09-01
CUS_0xaeb8,Ana Nicolacio,42,032-01-1939,Musician,2023-09-01
CUS_0xaeec,Catherineq,46,225-91-1718,Media_Manager,2023-09-01
CUS_0xaff6,Dave Clarkej,56_,406-69-4655,Mechanic,2023-09-01
CUS_0xb213,Jennifer Clarkp,5177,359-92-4028,Manager,2023-09-01
CUS_0xb24d,Edwardk,19,389-86-5893,Musician,2023-09-01
CUS_0xb322,William Jamesg,39,301-09-1879,Accountant,2023-09-01
CUS_0xb446,Christiaanq,27,477-55-3999,Musician,2023-09-01
CUS_0xb49d,Josieu,19,375-65-0842,Manager,2023-09-01
CUS_0xb529,Nadia Damounip,38,#F%$D@*&8,Journalist,2023-09-01
CUS_0xb638,Avokb,22,492-03-1612,Doctor,2023-09-01
CUS_0xb6b7,Caleb Frazieri,23_,554-66-6492,Manager,2023-09-01
CUS_0xb6cd,Suzannez,38,606-87-4648,Mechanic,2023-09-01
CUS_0xb747,Ablana,47,500-54-3583,Developer,2023-09-01
CUS_0xb788,allo,23,020-56-0464,Lawyer,2023-09-01
CUS_0xb7a7,Julie Ingwersenn,32,243-73-8549,Developer,2023-09-01
CUS_0xb7cf,Stevex,19,291-17-5552,Engineer,2023-09-01
CUS_0xb7de,Olof-Orss,38,626-74-0054,_______,2023-09-01
CUS_0xb80c,Olesya Dmitracovaa,22,933-92-6980,Scientist,2023-09-01
CUS_0xb80d,Alex Frewt,32,713-24-3856,Developer,2023-09-01
CUS_0xb90d,Jennifer Clarku,55,829-50-2241,Accountant,2023-09-01
CUS_0xb912,N.k,32,297-60-0692,_______,2023-09-01
CUS_0xb966,Reddalln,27,750-13-9718,Manager,2023-09-01
CUS_0xb9bb,Nater,45,#F%$D@*&8,Doctor,2023-09-01
CUS_0xba52,Timk,39,348-19-7727,Doctor,2023-09-01
CUS_0xbae6,Jessicar,43,441-32-5477,Accountant,2023-09-01
CUS_0xbb0c,Jamesk,31,358-45-0878,Writer,2023-09-01
CUS_0xbb2,Younglaii,53,#F%$D@*&8,_______,2023-09-01
CUS_0xbc57,Shalal-Esah,43,549-76-1283,Media_Manager,2023-09-01
CUS_0xbca3,Valetkevitchn,46,977-71-5685,Entrepreneur,2023-09-01
CUS_0xbcbc,Stevent,53,889-47-7292,_______,2023-09-01
CUS_0xbce,Adlerb,18,186-94-9117,Architect,2023-09-01
CUS_0xbd98,Poornima Guptaa,31,444-55-5653,Manager,2023-09-01
CUS_0xbe3b,Svea Herbst-Baylissl,33,140-48-5616,Doctor,2023-09-01
CUS_0xbe82,Michelleb,24,824-74-0001,Media_Manager,2023-09-01
CUS_0xbf07,Saphirl,44,859-46-5880,Media_Manager,2023-09-01
CUS_0xbfb4,Leskep,37,885-74-8162,Media_Manager,2023-09-01
CUS_0xbfb6,Jessica Wohlq,28,097-12-0730,_______,2023-09-01
CUS_0xbfe0,Zhoue,22,413-35-4318,Doctor,2023-09-01
CUS_0xbfea,Ruanoj,45,531-40-7694,Scientist,2023-09-01
CUS_0xc049,Lucia Mutikaniu,28,973-86-2552,Media_Manager,2023-09-01
CUS_0xc05d,Ingridp,19,172-24-4809,Lawyer,2023-09-01
CUS_0xc075,Barrg,17,972-83-6431,Teacher,2023-09-01
CUS_0xc0c7,Taylora,39,364-35-5243,Architect,2023-09-01
CUS_0xc0e2,David Sheppardi,14,866-54-9066,Teacher,2023-09-01
CUS_0xc122,Liana B.j,51,225-25-3228,Scientist,2023-09-01
CUS_0xc1ec,Jennifer Ablanj,15,089-08-2627,Entrepreneur,2023-09-01
CUS_0xc1fe,Alistero,14,567-38-7886,Developer,2023-09-01
CUS_0xc242,Alistairr,18,854-44-2997,Mechanic,2023-09-01
CUS_0xc26e,Ljunggreng,42,996-64-4883,Accountant,2023-09-01
CUS_0xc2a6,Lisa Baertleink,29,926-62-5300,Journalist,2023-09-01
CUS_0xc2b7,Falloonr,36,740-55-3863,Lawyer,2023-09-01
CUS_0xc2cb,Kimr,2109,523-96-3939,Doctor,2023-09-01
CUS_0xc2dc,roo,15,480-21-2927,Manager,2023-09-01
CUS_0xc3b9,Edwardsg,16,813-06-0003,Doctor,2023-09-01
CUS_0xc41,arani Krishnani,20,233-95-6448,Mechanic,2023-09-01
CUS_0xc4dd,Matthias Blamonts,30,037-87-8652,Musician,2023-09-01
CUS_0xc5da,Taray,39,515-92-4820,Developer,2023-09-01
CUS_0xc610,Horowitzl,8043,639-29-8990,Musician,2023-09-01
CUS_0xc6ac,Pav Jordank,38,057-64-6271,Engineer,2023-09-01
CUS_0xc6c7,Marshz,53,367-39-2487,Manager,2023-09-01
CUS_0xd19,Paul Days,41,830-21-5902,Entrepreneur,2023-09-01
CUS_0xd70,Polanseku,46,355-83-4978,Entrepreneur,2023-09-01
CUS_0xd91,Olaoyes,38,242-15-8827,Musician,2023-09-01
CUS_0xdf6,Euan Rochaa,55,155-73-3803,Mechanic,2023-09-01
CUS_0xe23,Soyoung Kimg,39,825-49-2383,Musician,2023-09-01
CUS_0xe4e,Mirwaisd,22,952-71-5963,Scientist,2023-09-01
CUS_0xedd,Lauren Tarao,-500,888-82-5609,Engineer,2023-09-01
CUS_0xfe4,Sarah McBriden,29,075-63-9119,Writer,2023-09-01
